{"cameraMode":{"drawMode":0,"name":"Shaded","section":"Shading Mode"},"sceneLighting":false,"audioPlay":false,"sceneViewState":{"m_AlwaysRefresh":false,"showFog":true,"showSkybox":false,"showFlares":true,"showImageEffects":true,"showParticleSystems":true,"showVisualEffectGraphs":true,"m_FxEnabled":true},"in2DMode":false,"pivot":{"x":0.3344104290008545,"y":0.6104985475540161,"z":-0.8848841190338135},"rotation":{"x":-0.038454167544841769,"y":0.20595599710941316,"z":-0.008108231239020825,"w":-0.9777929782867432},"size":0.6603425145149231,"orthographic":false}