{"cameraMode":{"drawMode":0,"name":"Shaded","section":"Shading Mode"},"sceneLighting":true,"audioPlay":false,"sceneViewState":{"m_AlwaysRefresh":false,"showFog":true,"showSkybox":true,"showFlares":true,"showImageEffects":true,"showParticleSystems":true,"showVisualEffectGraphs":true,"m_FxEnabled":true},"in2DMode":false,"pivot":{"x":5.9089860916137699,"y":3.9212138652801515,"z":1.5704834461212159},"rotation":{"x":-0.06265433132648468,"y":0.3225042223930359,"z":-0.021586792543530465,"w":-0.9443582892417908},"size":4.596403121948242,"orthographic":false}