{"cameraMode":{"drawMode":0,"name":"Shaded","section":"Shading Mode"},"sceneLighting":false,"audioPlay":false,"sceneViewState":{"m_AlwaysRefresh":false,"showFog":true,"showSkybox":false,"showFlares":true,"showImageEffects":true,"showParticleSystems":true,"showVisualEffectGraphs":true,"m_FxEnabled":true},"in2DMode":false,"pivot":{"x":3.9921839237213136,"y":0.09999990463256836,"z":0.8720107078552246},"rotation":{"x":-0.11953019350767136,"y":-0.6418547630310059,"z":0.1020519882440567,"w":-0.7506598830223084},"size":1.2247447967529297,"orthographic":false}