{"cameraMode":{"drawMode":0,"name":"Shaded","section":"Shading Mode"},"sceneLighting":false,"audioPlay":false,"sceneViewState":{"m_AlwaysRefresh":false,"showFog":true,"showSkybox":false,"showFlares":true,"showImageEffects":true,"showParticleSystems":true,"showVisualEffectGraphs":true,"m_FxEnabled":true},"in2DMode":false,"pivot":{"x":0.16257566213607789,"y":0.8072203397750855,"z":0.12058405578136444},"rotation":{"x":-0.009560164995491505,"y":0.9281676411628723,"z":-0.023972339928150178,"w":-0.3714730739593506},"size":0.6603425741195679,"orthographic":false}