{"cameraMode":{"drawMode":0,"name":"Shaded","section":"Shading Mode"},"sceneLighting":false,"audioPlay":false,"sceneViewState":{"m_AlwaysRefresh":false,"showFog":true,"showSkybox":false,"showFlares":true,"showImageEffects":true,"showParticleSystems":true,"showVisualEffectGraphs":true,"m_FxEnabled":true},"in2DMode":false,"pivot":{"x":-3.9395108222961427,"y":-2.9397385120391847,"z":-0.29628992080688479},"rotation":{"x":-0.18871065974235536,"y":0.7560659646987915,"z":-0.2478797733783722,"w":-0.5756007432937622},"size":3.6073946952819826,"orthographic":false}